Source;ValidFrom;Target;ValidTo;Label
BZ;203;BJ;235;Edge 1
AQ;94;AI;95;Edge 2
BH;145;CK;230;Edge 3
CV;4;AH;249;Edge 4
CB;133;DS;223;Edge 5
CJ;75;DH;211;Edge 6
BC;102;BA;177;Edge 7
BZ;44;DM;124;Edge 8
BX;10;CR;228;Edge 9
BO;64;DV;229;Edge 10
CS;230;AM;232;Edge 11
CI;63;BB;244;Edge 12
CF;35;CD;117;Edge 13
CQ;209;AE;217;Edge 14
AQ;41;BU;167;Edge 15
BE;80;AX;236;Edge 16
CK;178;BG;208;Edge 17
DM;16;AA;206;Edge 18
DT;187;CL;204;Edge 19
DQ;115;DR;238;Edge 20
AR;76;AV;138;Edge 21
AA;201;CX;220;Edge 22
CJ;212;DA;233;Edge 23
AD;50;BK;67;Edge 24
CE;194;DD;201;Edge 25
CI;77;DV;99;Edge 26
CE;10;BE;214;Edge 27
CY;72;CB;227;Edge 28
BU;53;AE;145;Edge 29
DU;26;AS;58;Edge 30
CX;65;BI;179;Edge 31
BO;123;BH;125;Edge 32
BT;203;BT;227;Edge 33
AH;41;AI;244;Edge 34
BO;135;AF;175;Edge 35
AO;38;DM;42;Edge 36
AN;98;BY;127;Edge 37
AM;59;BB;82;Edge 38
BR;128;DQ;154;Edge 39
CO;31;BO;191;Edge 40
AS;123;AP;217;Edge 41
BU;96;AZ;131;Edge 42
BI;30;DQ;190;Edge 43
AY;18;CE;158;Edge 44
DS;0;BV;220;Edge 45
DT;28;CC;121;Edge 46
CP;71;CJ;96;Edge 47
CO;47;BT;159;Edge 48
AH;83;CE;227;Edge 49
CE;9;BE;188;Edge 50
DD;124;DS;189;Edge 51
BU;56;AP;188;Edge 52
BW;44;BU;91;Edge 53
BO;95;AH;195;Edge 54
BZ;115;BX;188;Edge 55
AR;29;CF;198;Edge 56
CK;193;BS;196;Edge 57
AU;1;DR;26;Edge 58
CR;49;DJ;118;Edge 59
DF;24;AP;115;Edge 60
DT;55;AQ;227;Edge 61
AL;78;DH;210;Edge 62
DU;172;DB;224;Edge 63
BR;36;DI;211;Edge 64
CO;50;BF;98;Edge 65
DG;4;BD;162;Edge 66
BX;33;BT;112;Edge 67
CV;83;DH;211;Edge 68
CL;116;AM;194;Edge 69
BE;71;AX;144;Edge 70
BO;98;AU;225;Edge 71
DR;124;CF;246;Edge 72
CO;76;BD;132;Edge 73
BV;2;BP;29;Edge 74
CV;140;DN;183;Edge 75
DF;86;CD;161;Edge 76
AH;108;DF;182;Edge 77
CZ;171;CZ;226;Edge 78
DN;162;BP;217;Edge 79
CG;7;BU;151;Edge 80
BF;65;BB;83;Edge 81
CT;34;BJ;216;Edge 82
CH;18;CJ;44;Edge 83
AW;24;AG;243;Edge 84
AF;62;DM;124;Edge 85
AH;80;AZ;144;Edge 86
AW;173;DL;235;Edge 87
DB;1;BH;94;Edge 88
BL;82;AY;196;Edge 89
AT;3;AS;10;Edge 90
DF;49;DS;136;Edge 91
DN;54;BQ;76;Edge 92
BJ;207;CJ;241;Edge 93
AD;117;DP;191;Edge 94
CN;90;AE;203;Edge 95
BA;50;DN;104;Edge 96
CX;71;DR;231;Edge 97
AP;79;BX;227;Edge 98
DN;82;CL;211;Edge 99
BR;71;DF;176;Edge 100
AK;9;CN;217;Edge 101
CA;87;AM;201;Edge 102
BQ;108;BQ;226;Edge 103
CN;32;DR;222;Edge 104
DK;25;CY;65;Edge 105
BF;88;AA;185;Edge 106
BQ;37;DT;162;Edge 107
DG;82;DN;106;Edge 108
AP;62;AK;152;Edge 109
BP;27;DP;216;Edge 110
AO;74;BK;173;Edge 111
CQ;147;CF;188;Edge 112
AW;160;DB;181;Edge 113
AB;57;BW;136;Edge 114
CR;94;CV;144;Edge 115
DJ;28;AR;34;Edge 116
DD;33;CS;87;Edge 117
DG;80;BF;164;Edge 118
CI;83;CY;202;Edge 119
BS;69;DE;240;Edge 120
AT;46;BD;58;Edge 121
CD;28;DM;64;Edge 122
CV;227;DU;229;Edge 123
BH;66;CS;224;Edge 124
DH;38;BK;213;Edge 125
CS;5;BL;13;Edge 126
DE;51;AO;188;Edge 127
DO;185;CG;202;Edge 128
AR;80;AZ;110;Edge 129
DH;61;DG;165;Edge 130
BL;39;BD;129;Edge 131
DH;105;AQ;134;Edge 132
CL;23;DL;216;Edge 133
BL;41;DG;208;Edge 134
BB;7;DV;52;Edge 135
DF;75;CJ;207;Edge 136
DO;93;BD;103;Edge 137
BA;68;AR;115;Edge 138
CL;0;AT;148;Edge 139
CW;9;DV;228;Edge 140
CO;172;DV;206;Edge 141
CU;73;DO;110;Edge 142
AY;166;AR;224;Edge 143
AQ;22;DU;198;Edge 144
BO;182;BA;229;Edge 145
DE;101;CQ;209;Edge 146
AQ;62;CF;225;Edge 147
BZ;58;BH;136;Edge 148
AE;68;BF;88;Edge 149
BB;91;CL;150;Edge 150
AX;71;DG;249;Edge 151
DE;26;AE;62;Edge 152
CL;32;DG;110;Edge 153
DE;86;CX;239;Edge 154
AU;141;DK;228;Edge 155
CR;24;AN;104;Edge 156
AR;23;DN;79;Edge 157
CR;206;BO;226;Edge 158
DV;7;DL;71;Edge 159
AY;62;CY;232;Edge 160
AJ;215;CR;232;Edge 161
CX;2;AS;13;Edge 162
DE;76;DH;151;Edge 163
BG;69;CW;147;Edge 164
AV;186;DG;192;Edge 165
AQ;66;AS;79;Edge 166
AY;45;DP;104;Edge 167
CM;179;DH;243;Edge 168
DO;0;DK;170;Edge 169
AP;67;BX;206;Edge 170
BO;202;DQ;231;Edge 171
BM;80;BT;98;Edge 172
CX;13;DU;103;Edge 173
CC;67;AQ;167;Edge 174
AW;77;CM;94;Edge 175
CT;65;AH;130;Edge 176
AO;180;DG;198;Edge 177
BO;215;BM;240;Edge 178
DB;99;AS;149;Edge 179
DA;54;AW;131;Edge 180
CU;31;DK;246;Edge 181
BU;43;AP;126;Edge 182
CM;164;BH;249;Edge 183
CI;87;AL;182;Edge 184
CL;62;CC;165;Edge 185
CR;145;AP;191;Edge 186
BH;186;DL;223;Edge 187
BS;46;CT;189;Edge 188
BW;47;AB;49;Edge 189
CA;76;AM;229;Edge 190
DE;179;DD;195;Edge 191
AI;35;CO;129;Edge 192
BG;106;DJ;123;Edge 193
BH;95;BN;103;Edge 194
AS;89;CK;205;Edge 195
CH;17;BY;120;Edge 196
AS;151;BF;247;Edge 197
BB;33;DG;112;Edge 198
AP;200;DH;249;Edge 199
BH;61;DP;178;Edge 200
CH;56;DN;216;Edge 201
DM;94;AZ;212;Edge 202
CW;92;AH;144;Edge 203
AG;89;BR;232;Edge 204
BC;138;DC;169;Edge 205
BX;118;CM;161;Edge 206
BV;150;CW;237;Edge 207
BX;136;CD;148;Edge 208
DA;154;DG;180;Edge 209
BY;10;AO;234;Edge 210
CF;13;CC;150;Edge 211
AS;64;AX;194;Edge 212
DL;10;DJ;102;Edge 213
BI;9;BZ;150;Edge 214
DS;69;BF;247;Edge 215
BC;0;BQ;59;Edge 216
DA;34;DL;224;Edge 217
BD;26;AS;61;Edge 218
DU;47;AR;228;Edge 219
BF;44;CV;141;Edge 220
AB;66;CL;178;Edge 221
AU;194;CC;210;Edge 222
DQ;58;DL;211;Edge 223
DL;117;BO;188;Edge 224
DD;11;DA;203;Edge 225
BV;4;DA;152;Edge 226
AM;9;AD;148;Edge 227
AE;132;AY;148;Edge 228
DN;142;AZ;241;Edge 229
CV;134;AC;142;Edge 230
CI;96;BM;104;Edge 231
BP;41;DS;123;Edge 232
BW;63;DJ;183;Edge 233
DB;87;AC;125;Edge 234
BZ;97;AQ;181;Edge 235
AI;49;BR;196;Edge 236
DB;144;AZ;230;Edge 237
BM;209;AE;216;Edge 238
AJ;125;CD;186;Edge 239
BK;9;BH;66;Edge 240
DM;120;AI;147;Edge 241
AL;85;BO;184;Edge 242
AW;156;DR;218;Edge 243
AC;120;CR;147;Edge 244
AB;137;BZ;148;Edge 245
AS;24;AX;245;Edge 246
DA;38;CJ;216;Edge 247
CK;149;DM;159;Edge 248
AC;39;AG;120;Edge 249
BL;127;CZ;146;Edge 250
BJ;226;DP;241;Edge 251
BA;1;CE;115;Edge 252
CE;114;CC;199;Edge 253
CX;56;DO;184;Edge 254
DK;60;AN;147;Edge 255
BP;30;DD;92;Edge 256
BD;22;CF;241;Edge 257
CS;8;BU;160;Edge 258
CN;9;CS;244;Edge 259
AV;129;BZ;226;Edge 260
DC;103;AE;238;Edge 261
CH;41;BK;112;Edge 262
AT;4;AH;68;Edge 263
CU;139;DI;149;Edge 264
CB;82;AS;150;Edge 265
DG;153;DD;180;Edge 266
BX;135;AP;230;Edge 267
DB;21;DQ;171;Edge 268
BX;172;CN;177;Edge 269
CH;105;BK;109;Edge 270
AS;28;AM;32;Edge 271
DF;112;CJ;139;Edge 272
DV;99;AO;164;Edge 273
CZ;186;DB;203;Edge 274
AC;80;DT;182;Edge 275
AN;49;BP;139;Edge 276
AC;92;AD;125;Edge 277
DC;151;AF;232;Edge 278
BE;161;BL;225;Edge 279
AS;11;CZ;140;Edge 280
DB;218;CD;240;Edge 281
CM;170;DS;218;Edge 282
CJ;12;BG;235;Edge 283
BY;119;AS;235;Edge 284
DK;145;AH;247;Edge 285
BX;47;DT;83;Edge 286
BZ;30;AH;67;Edge 287
BT;58;DC;178;Edge 288
BX;99;CZ;209;Edge 289
DK;150;CO;223;Edge 290
CC;175;DF;176;Edge 291
CF;141;DN;229;Edge 292
BO;196;BZ;235;Edge 293
BM;104;BL;202;Edge 294
AN;80;CY;193;Edge 295
DM;143;DF;246;Edge 296
DT;21;AI;24;Edge 297
CM;15;BU;50;Edge 298
DM;102;DB;247;Edge 299
DG;15;CT;158;Edge 300
DD;38;CM;141;Edge 301
AS;40;DB;102;Edge 302
DG;151;CL;208;Edge 303
DR;97;CY;186;Edge 304
CF;16;CE;116;Edge 305
BO;180;DD;242;Edge 306
DE;21;CP;131;Edge 307
BJ;15;BK;160;Edge 308
BM;73;BN;232;Edge 309
BM;147;DI;221;Edge 310
AD;131;AJ;228;Edge 311
AC;177;CL;230;Edge 312
BQ;179;BE;187;Edge 313
DM;138;AE;189;Edge 314
DF;152;DC;164;Edge 315
CQ;38;DF;72;Edge 316
AC;87;CH;142;Edge 317
AZ;22;BL;202;Edge 318
BJ;16;CL;152;Edge 319
CK;65;AZ;161;Edge 320
AI;160;CX;202;Edge 321
BC;49;BW;99;Edge 322
CK;0;BI;27;Edge 323
DU;125;DV;234;Edge 324
CJ;38;AE;144;Edge 325
BF;123;DR;222;Edge 326
DT;29;AL;172;Edge 327
AY;105;CH;110;Edge 328
BU;116;AU;238;Edge 329
AZ;127;BT;231;Edge 330
BB;27;BJ;177;Edge 331
AZ;147;CN;167;Edge 332
BD;1;DJ;192;Edge 333
AB;9;CA;62;Edge 334
DM;40;BL;112;Edge 335
DT;188;DR;190;Edge 336
DK;105;AB;210;Edge 337
DG;16;DK;172;Edge 338
DE;14;BS;240;Edge 339
BY;80;CO;145;Edge 340
DE;22;BL;29;Edge 341
AT;87;BP;213;Edge 342
BM;164;DS;206;Edge 343
DV;22;BU;84;Edge 344
DB;33;AY;240;Edge 345
DN;3;BZ;136;Edge 346
BM;46;BP;113;Edge 347
BD;17;AT;183;Edge 348
BX;42;CV;147;Edge 349
BD;12;AL;124;Edge 350
DU;104;AR;229;Edge 351
CE;56;BU;228;Edge 352
CR;140;BA;233;Edge 353
BV;114;DU;143;Edge 354
AK;78;CP;198;Edge 355
BY;90;CS;220;Edge 356
AK;131;CA;136;Edge 357
CG;40;CV;102;Edge 358
CZ;16;BO;233;Edge 359
CH;169;AV;237;Edge 360
BI;61;CK;105;Edge 361
AW;101;DU;169;Edge 362
DN;28;AY;182;Edge 363
DR;132;CQ;155;Edge 364
CH;5;DA;181;Edge 365
DF;23;BJ;163;Edge 366
AD;58;CT;177;Edge 367
BC;5;CS;80;Edge 368
CC;212;AS;231;Edge 369
AZ;19;CL;225;Edge 370
BO;18;BW;24;Edge 371
BA;139;CS;204;Edge 372
DL;67;BG;170;Edge 373
AX;187;CK;229;Edge 374
AR;154;CZ;216;Edge 375
AR;205;DL;225;Edge 376
AP;73;CE;119;Edge 377
AO;180;BB;195;Edge 378
DJ;29;AK;178;Edge 379
DQ;24;CO;90;Edge 380
AI;165;AY;215;Edge 381
CE;151;CB;216;Edge 382
DR;42;DK;87;Edge 383
BI;73;AB;234;Edge 384
BG;207;DE;228;Edge 385
AV;70;BK;77;Edge 386
CN;85;BK;145;Edge 387
CU;231;BG;245;Edge 388
CX;163;CX;216;Edge 389
CH;211;CD;215;Edge 390
DO;27;BN;149;Edge 391
DH;229;BA;235;Edge 392
AA;39;BH;149;Edge 393
AJ;61;CR;69;Edge 394
CP;13;CG;76;Edge 395
AX;89;AE;151;Edge 396
CQ;136;AV;195;Edge 397
CY;92;DP;96;Edge 398
AJ;79;BB;224;Edge 399
CE;123;CR;173;Edge 400
CW;15;AA;28;Edge 401
CA;143;DJ;233;Edge 402
BD;29;DK;181;Edge 403
CX;69;DE;158;Edge 404
CO;28;BS;39;Edge 405
AJ;187;BC;245;Edge 406
DP;7;AD;215;Edge 407
AA;7;BG;210;Edge 408
CO;65;CS;68;Edge 409
BH;26;DT;198;Edge 410
BJ;84;AN;244;Edge 411
BO;53;CE;147;Edge 412
CS;48;AZ;115;Edge 413
BG;232;BP;233;Edge 414
CA;18;CW;238;Edge 415
CP;70;CD;103;Edge 416
CR;56;DK;150;Edge 417
DC;13;CD;188;Edge 418
CB;102;AZ;135;Edge 419
BR;62;CG;130;Edge 420
BH;36;AY;60;Edge 421
BM;34;BO;71;Edge 422
AA;187;BX;193;Edge 423
BZ;38;DD;232;Edge 424
AP;147;CE;199;Edge 425
AQ;147;DC;164;Edge 426
DL;168;CK;224;Edge 427
DJ;37;BM;162;Edge 428
BD;108;DJ;154;Edge 429
AC;62;DO;216;Edge 430
BE;178;DN;229;Edge 431
CG;51;BR;232;Edge 432
BS;60;BS;239;Edge 433
BM;89;AC;116;Edge 434
CR;204;DH;208;Edge 435
BJ;72;CN;172;Edge 436
BQ;31;CT;96;Edge 437
CS;44;DG;193;Edge 438
AF;82;AL;205;Edge 439
AL;90;DB;195;Edge 440
AH;196;BM;244;Edge 441
AZ;45;BI;163;Edge 442
BX;82;DC;107;Edge 443
AW;134;CG;192;Edge 444
CW;94;AG;146;Edge 445
DD;73;AD;100;Edge 446
DC;48;CT;244;Edge 447
CO;48;CU;105;Edge 448
DS;142;AE;206;Edge 449
CI;105;CM;135;Edge 450
BS;50;CX;81;Edge 451
DK;242;BD;243;Edge 452
DL;4;CP;137;Edge 453
AG;90;BR;93;Edge 454
BT;142;BE;165;Edge 455
CM;212;AO;241;Edge 456
DJ;75;DC;200;Edge 457
DN;124;DA;227;Edge 458
DI;105;DO;173;Edge 459
BR;100;CS;150;Edge 460
CU;181;DG;196;Edge 461
AM;143;BS;227;Edge 462
DS;48;DP;224;Edge 463
AB;10;DO;182;Edge 464
AW;35;DR;190;Edge 465
AF;37;AG;94;Edge 466
AH;128;AW;162;Edge 467
BU;18;BV;185;Edge 468
AX;3;CU;145;Edge 469
CG;93;BP;229;Edge 470
BB;88;AI;136;Edge 471
BE;81;AI;122;Edge 472
AI;72;AK;91;Edge 473
BK;91;DJ;160;Edge 474
BV;141;AU;177;Edge 475
AU;51;BD;126;Edge 476
CL;91;DD;241;Edge 477
AJ;26;CD;183;Edge 478
CC;112;CS;123;Edge 479
CZ;19;AO;128;Edge 480
BS;138;DJ;216;Edge 481
DN;185;CV;189;Edge 482
DE;18;BG;218;Edge 483
DI;148;BP;174;Edge 484
CZ;37;DC;95;Edge 485
CZ;67;DT;191;Edge 486
CE;88;CJ;117;Edge 487
DS;149;CY;249;Edge 488
CP;6;DB;61;Edge 489
AD;208;BR;235;Edge 490
DH;89;BN;181;Edge 491
AV;15;BN;34;Edge 492
DB;126;CJ;216;Edge 493
DL;23;DU;84;Edge 494
BU;121;AI;177;Edge 495
BL;110;CN;191;Edge 496
BL;32;BX;133;Edge 497
AQ;153;BW;190;Edge 498
AJ;225;BK;249;Edge 499
BW;11;AM;91;Edge 500
